{"cameraMode":{"drawMode":0,"name":"Shaded","section":"Shading Mode"},"sceneLighting":false,"audioPlay":false,"sceneViewState":{"m_AlwaysRefresh":false,"showFog":true,"showSkybox":false,"showFlares":true,"showImageEffects":true,"showParticleSystems":true,"showVisualEffectGraphs":true,"m_FxEnabled":true},"in2DMode":false,"pivot":{"x":13.58541488647461,"y":10.283860206604004,"z":-0.16185373067855836},"rotation":{"x":0.11706016957759857,"y":0.7426771521568298,"z":-0.13467572629451753,"w":0.6454684138298035},"size":3.004896402359009,"orthographic":false}