{"cameraMode":{"drawMode":0,"name":"Shaded","section":"Shading Mode"},"sceneLighting":false,"audioPlay":false,"sceneViewState":{"m_AlwaysRefresh":false,"showFog":true,"showSkybox":true,"showFlares":true,"showImageEffects":true,"showParticleSystems":true,"showVisualEffectGraphs":true,"m_FxEnabled":false},"in2DMode":false,"pivot":{"x":-0.18098938465118409,"y":0.6943813562393189,"z":0.7164648771286011},"rotation":{"x":0.027526937425136567,"y":-0.8121107220649719,"z":0.038563624024391177,"w":0.5816817283630371},"size":0.7855491042137146,"orthographic":false}