{"cameraMode":{"drawMode":0,"name":"Shaded","section":"Shading Mode"},"sceneLighting":false,"audioPlay":false,"sceneViewState":{"m_AlwaysRefresh":false,"showFog":true,"showSkybox":true,"showFlares":true,"showImageEffects":true,"showParticleSystems":true,"showVisualEffectGraphs":true,"m_FxEnabled":true},"in2DMode":false,"pivot":{"x":2.5195186138153078,"y":0.352276086807251,"z":-1.427991509437561},"rotation":{"x":0.003510270034894347,"y":0.7616190910339356,"z":-0.004100128076970577,"w":0.6480200290679932},"size":0.08053701370954514,"orthographic":false}