{"cameraMode":{"drawMode":0,"name":"Shaded","section":"Shading Mode"},"sceneLighting":false,"audioPlay":false,"sceneViewState":{"m_AlwaysRefresh":false,"showFog":true,"showSkybox":true,"showFlares":true,"showImageEffects":true,"showParticleSystems":true,"showVisualEffectGraphs":true,"m_FxEnabled":true},"in2DMode":false,"pivot":{"x":0.38189220428466799,"y":2.048750638961792,"z":2.3777823448181154},"rotation":{"x":0.13475018739700318,"y":-0.3555186092853546,"z":0.051877398043870929,"w":0.9234490990638733},"size":5.405060291290283,"orthographic":false}