{"cameraMode":{"drawMode":0,"name":"Shaded","section":"Shading Mode"},"sceneLighting":false,"audioPlay":false,"sceneViewState":{"m_AlwaysRefresh":false,"showFog":true,"showSkybox":true,"showFlares":true,"showImageEffects":true,"showParticleSystems":true,"showVisualEffectGraphs":true,"m_FxEnabled":true},"in2DMode":false,"pivot":{"x":0.7484884262084961,"y":0.44808733463287356,"z":1.2902804613113404},"rotation":{"x":-0.23721849918365479,"y":0.1035027801990509,"z":-0.02543775737285614,"w":-0.9656120538711548},"size":3.4016542434692385,"orthographic":false}