{"cameraMode":{"drawMode":0,"name":"Shaded","section":"Shading Mode"},"sceneLighting":false,"audioPlay":false,"sceneViewState":{"m_AlwaysRefresh":false,"showFog":true,"showSkybox":true,"showFlares":true,"showImageEffects":true,"showParticleSystems":true,"showVisualEffectGraphs":true,"m_FxEnabled":false},"in2DMode":false,"pivot":{"x":-0.19254393875598908,"y":1.1965049505233765,"z":1.7837574481964112},"rotation":{"x":-0.21637684106826783,"y":-0.7034981846809387,"z":0.24046851694583894,"w":-0.6328905820846558},"size":0.45084524154663088,"orthographic":false}