{"cameraMode":{"drawMode":0,"name":"Shaded","section":"Shading Mode"},"sceneLighting":false,"audioPlay":false,"sceneViewState":{"m_AlwaysRefresh":false,"showFog":true,"showSkybox":true,"showFlares":true,"showImageEffects":true,"showParticleSystems":true,"showVisualEffectGraphs":true,"m_FxEnabled":false},"in2DMode":false,"pivot":{"x":-0.02230548858642578,"y":0.5822386741638184,"z":2.027602434158325},"rotation":{"x":0.07261281460523606,"y":-0.48758718371391299,"z":0.04082721844315529,"w":0.8691616058349609},"size":0.7855491042137146,"orthographic":false}