{"cameraMode":{"drawMode":0,"name":"Shaded","section":"Shading Mode"},"sceneLighting":false,"audioPlay":false,"sceneViewState":{"m_AlwaysRefresh":false,"showFog":true,"showSkybox":true,"showFlares":true,"showImageEffects":true,"showParticleSystems":true,"showVisualEffectGraphs":true,"m_FxEnabled":false},"in2DMode":false,"pivot":{"x":2.355238437652588,"y":2.0549707412719728,"z":0.5172532796859741},"rotation":{"x":0.4397498667240143,"y":-0.018576107919216157,"z":0.009258240461349488,"w":0.8979558944702148},"size":0.7119503021240234,"orthographic":false}