{"cameraMode":{"drawMode":0,"name":"Shaded","section":"Shading Mode"},"sceneLighting":false,"audioPlay":false,"sceneViewState":{"m_AlwaysRefresh":false,"showFog":true,"showSkybox":true,"showFlares":true,"showImageEffects":true,"showParticleSystems":true,"showVisualEffectGraphs":true,"m_FxEnabled":true},"in2DMode":false,"pivot":{"x":0.3663759231567383,"y":2.4162955284118654,"z":-0.10130786895751953},"rotation":{"x":-0.1750921607017517,"y":0.42849528789520266,"z":-0.08503296971321106,"w":-0.8823323249816895},"size":3.523048162460327,"orthographic":false}