{"cameraMode":{"drawMode":0,"name":"Shaded","section":"Shading Mode"},"sceneLighting":false,"audioPlay":false,"sceneViewState":{"m_AlwaysRefresh":false,"showFog":true,"showSkybox":true,"showFlares":true,"showImageEffects":true,"showParticleSystems":true,"showVisualEffectGraphs":true,"m_FxEnabled":false},"in2DMode":false,"pivot":{"x":-2.2694029808044435,"y":1.001477599143982,"z":-1.0274953842163087},"rotation":{"x":0.03963407501578331,"y":-0.7925893664360046,"z":0.05196339637041092,"w":0.6063539981842041},"size":3.8350932598114015,"orthographic":false}