{"cameraMode":{"drawMode":0,"name":"Shaded","section":"Shading Mode"},"sceneLighting":true,"audioPlay":false,"sceneViewState":{"m_AlwaysRefresh":false,"showFog":true,"showSkybox":true,"showFlares":true,"showImageEffects":true,"showParticleSystems":true,"showVisualEffectGraphs":true,"m_FxEnabled":true},"in2DMode":false,"pivot":{"x":0.0739174336194992,"y":2.9236199855804445,"z":-0.36890047788619997},"rotation":{"x":0.05871345102787018,"y":-0.2256239652633667,"z":0.01362316682934761,"w":0.972350537776947},"size":6.7302656173706059,"orthographic":false}