{"cameraMode":{"drawMode":0,"name":"Shaded","section":"Shading Mode"},"sceneLighting":false,"audioPlay":false,"sceneViewState":{"m_AlwaysRefresh":false,"showFog":true,"showSkybox":true,"showFlares":true,"showImageEffects":true,"showParticleSystems":true,"showVisualEffectGraphs":true,"m_FxEnabled":false},"in2DMode":false,"pivot":{"x":-0.5091099739074707,"y":2.0758700370788576,"z":0.060982704162597659},"rotation":{"x":-0.03684380277991295,"y":-0.6225791573524475,"z":-0.02932259999215603,"w":0.7811769247055054},"size":4.704514980316162,"orthographic":false}