{"cameraMode":{"drawMode":0,"name":"Shaded","section":"Shading Mode"},"sceneLighting":false,"audioPlay":false,"sceneViewState":{"m_AlwaysRefresh":false,"showFog":true,"showSkybox":false,"showFlares":true,"showImageEffects":true,"showParticleSystems":true,"showVisualEffectGraphs":true,"m_FxEnabled":false},"in2DMode":false,"pivot":{"x":-2.4343454837799074,"y":0.5764505863189697,"z":-1.1612045764923096},"rotation":{"x":-0.2252684235572815,"y":0.11691047996282578,"z":-0.027322381734848024,"w":-0.9669486880302429},"size":0.6365314722061157,"orthographic":false}